<application>
  <component name="libraryTable">
    <library name="@types/express" type="javaScript">
      <CLASSES />
      <SOURCES />
    </library>
    <library name="@types/jsdom" type="javaScript">
      <CLASSES />
      <SOURCES />
    </library>
    <library name="@types/request" type="javaScript">
      <CLASSES />
      <SOURCES />
    </library>
    <library name="jquery" type="javaScript">
      <properties>
        <option name="frameworkName" value="jQuery" />
        <sourceFilesUrls>
          <item url="file://$APPLICATION_CONFIG_DIR$/javascript/extLibs/http_cdn.bootcss.com_jquery_3.3.1_jquery.js" />
        </sourceFilesUrls>
      </properties>
      <CLASSES>
        <root url="file://$APPLICATION_CONFIG_DIR$/javascript/extLibs/http_cdn.bootcss.com_jquery_3.2.1_jquery.js" />
        <root url="file://$APPLICATION_CONFIG_DIR$/javascript/extLibs/http_cdn.bootcss.com_jquery_3.3.1_jquery.js" />
      </CLASSES>
      <DOCUMENTATION>
        <root url="http://api.jquery.com" />
      </DOCUMENTATION>
      <SOURCES />
    </library>
    <library name="jquery.lazyload" type="javaScript">
      <properties>
        <option name="frameworkName" value="jQuery" />
        <option name="frameworkVersion" value="1.9.7" />
        <sourceFilesUrls>
          <item url="file://$APPLICATION_CONFIG_DIR$/javascript/extLibs/http_cdn.bootcss.com_jquery_lazyload_1.9.7_jquery.lazyload.js" />
        </sourceFilesUrls>
      </properties>
      <CLASSES>
        <root url="file://$APPLICATION_CONFIG_DIR$/javascript/extLibs/http_cdn.bootcss.com_jquery_lazyload_1.9.7_jquery.lazyload.js" />
      </CLASSES>
      <DOCUMENTATION>
        <root url="http://api.jquery.com" />
      </DOCUMENTATION>
      <SOURCES />
    </library>
    <library name="jquery.mousewheel" type="javaScript">
      <properties>
        <option name="frameworkName" value="jQuery" />
        <sourceFilesUrls>
          <item url="file://$APPLICATION_CONFIG_DIR$/javascript/extLibs/http_cdn.bootcss.com_jquery-mousewheel_3.1.13_jquery.mousewheel.js" />
        </sourceFilesUrls>
      </properties>
      <CLASSES>
        <root url="file://$APPLICATION_CONFIG_DIR$/javascript/extLibs/http_cdn.bootcss.com_jquery-mousewheel_3.1.13_jquery.mousewheel.js" />
      </CLASSES>
      <DOCUMENTATION>
        <root url="http://api.jquery.com" />
      </DOCUMENTATION>
      <SOURCES />
    </library>
    <library name="vue" type="javaScript">
      <properties>
        <sourceFilesUrls>
          <item url="file://$APPLICATION_CONFIG_DIR$/javascript/extLibs/http_cdn.bootcss.com_vue_2.5.17-beta.0_vue.js" />
        </sourceFilesUrls>
      </properties>
      <CLASSES>
        <root url="file://$APPLICATION_CONFIG_DIR$/javascript/extLibs/http_cdn.bootcss.com_vue_2.5.17-beta.0_vue.js" />
      </CLASSES>
      <SOURCES />
    </library>
  </component>
</application>