<application>
  <component name="ExportableFileTemplateSettings">
    <internal_templates>
      <template name="HTML File.html" reformat="false" live-template-enabled="true" enabled="true" />
      <template name="HTML4 File.html" reformat="true" live-template-enabled="false" enabled="true" />
      <template name="Sass File.sass" reformat="true" live-template-enabled="true" enabled="true" />
      <template name="SCSS File.scss" reformat="true" live-template-enabled="true" enabled="true" />
      <template name="XHTML File.xhtml" reformat="true" live-template-enabled="false" enabled="true" />
    </internal_templates>
  </component>
</application>