<application>
  <component name="TemplateSettings">
    <defaultShortcut shortcut="CUSTOM" />
    <option name="deletedKeys">
      <list>
        <TemplateKey>
          <option name="groupName" value="JavaScript" />
          <option name="key" value="iter" />
        </TemplateKey>
        <TemplateKey>
          <option name="groupName" value="JavaScript" />
          <option name="key" value="itin" />
        </TemplateKey>
        <TemplateKey>
          <option name="groupName" value="JavaScript" />
          <option name="key" value="itar" />
        </TemplateKey>
        <TemplateKey>
          <option name="groupName" value="JavaScript" />
          <option name="key" value="ritar" />
        </TemplateKey>
      </list>
    </option>
  </component>
</application>