<application>
  <component name="GitRememberedInputs">
    <option name="visitedUrls">
      <list>
        <UrlAndUserName>
          <option name="url" value="https://github.com/afeifeifei/03-22test.git" />
          <option name="userName" value="" />
        </UrlAndUserName>
      </list>
    </option>
    <option name="cloneParentDir" value="C:\Users\Administrator\WebstormProjects" />
  </component>
  <component name="VcsApplicationSettings">
    <option name="SHOW_LST_WORD_DIFFERENCES" value="false" />
  </component>
</application>